{
    "dep_uas":0.8238833603,
    "dep_las":0.6322610507,
    "dep_las_per_type":{
      "cc":{
        "p":0.8235294118,
        "r":0.7272727273,
        "f":0.7724137931
      },
      "advmod":{
        "p":0.8645833333,
        "r":0.8217821782,
        "f":0.8426395939
      },
      "cop":{
        "p":0.7317073171,
        "r":0.2803738318,
        "f":0.4054054054
      },
      "nsubj":{
        "p":0.8833333333,
        "r":0.868852459,
        "f":0.8760330579
      },
      "case":{
        "p":0.9615384615,
        "r":0.8823529412,
        "f":0.9202453988
      },
      "root":{
        "p":0.1400966184,
        "r":0.9456521739,
        "f":0.2440392707
      },
      "obl":{
        "p":0.6808510638,
        "r":0.6632124352,
        "f":0.6719160105
      },
      "mark":{
        "p":0.8928571429,
        "r":0.8928571429,
        "f":0.8928571429
      },
      "ccomp":{
        "p":0.5,
        "r":0.6,
        "f":0.5454545455
      },
      "obj":{
        "p":0.8452380952,
        "r":0.8765432099,
        "f":0.8606060606
      },
      "det":{
        "p":0.8918918919,
        "r":0.8684210526,
        "f":0.88
      },
      "acl:relcl":{
        "p":0.7567567568,
        "r":0.7,
        "f":0.7272727273
      },
      "conj":{
        "p":0.5892857143,
        "r":0.5892857143,
        "f":0.5892857143
      },
      "dep":{
        "p":0.5,
        "r":0.1003861004,
        "f":0.1672025723
      },
      "nummod":{
        "p":1.0,
        "r":0.8888888889,
        "f":0.9411764706
      },
      "advcl":{
        "p":0.6818181818,
        "r":0.7142857143,
        "f":0.6976744186
      },
      "nmod:poss":{
        "p":1.0,
        "r":0.8333333333,
        "f":0.9090909091
      },
      "amod":{
        "p":0.9,
        "r":0.8181818182,
        "f":0.8571428571
      },
      "vocative":{
        "p":1.0,
        "r":0.3333333333,
        "f":0.5
      },
      "appos":{
        "p":0.2727272727,
        "r":0.3,
        "f":0.2857142857
      },
      "nmod":{
        "p":1.0,
        "r":0.0481927711,
        "f":0.091954023
      },
      "acl":{
        "p":0.625,
        "r":0.625,
        "f":0.625
      },
      "aux":{
        "p":0.9074074074,
        "r":0.8909090909,
        "f":0.8990825688
      },
      "iobj":{
        "p":0.8461538462,
        "r":0.8461538462,
        "f":0.8461538462
      },
      "xcomp":{
        "p":0.6666666667,
        "r":0.4,
        "f":0.5
      },
      "compound:prt":{
        "p":0.7727272727,
        "r":0.7727272727,
        "f":0.7727272727
      },
      "nsubj:cop":{
        "p":0.0,
        "r":0.0,
        "f":0.0
      },
      "flat:name":{
        "p":0.8,
        "r":0.8,
        "f":0.8
      },
      "fixed":{
        "p":0.0,
        "r":0.0,
        "f":0.0
      },
      "discourse":{
        "p":0.0,
        "r":0.0,
        "f":0.0
      }
    },
    "sents_p":0.8721682848,
    "sents_r":0.9058823529,
    "sents_f":0.8887056884,
    "lemma_acc":0.8122137405,
    "tag_acc":0.9338512764,
    "pos_acc":0.9780244173,
    "morph_acc":0.9402885683,
    "morph_per_feat":{
      "Case":{
        "p":0.9605773374,
        "r":0.9554317549,
        "f":0.9579976367
      },
      "Gender":{
        "p":0.9531680441,
        "r":0.9527930763,
        "f":0.9529805233
      },
      "NameType":{
        "p":0.9848484848,
        "r":0.9701492537,
        "f":0.977443609
      },
      "Number":{
        "p":0.969769292,
        "r":0.9664376321,
        "f":0.9681005956
      },
      "Definite":{
        "p":0.978978979,
        "r":0.9799599198,
        "f":0.9794692038
      },
      "Mood":{
        "p":0.9830667921,
        "r":0.9784644195,
        "f":0.9807602065
      },
      "Person":{
        "p":0.9618717504,
        "r":0.9577221743,
        "f":0.9597924773
      },
      "Tense":{
        "p":0.9759689922,
        "r":0.9669738863,
        "f":0.9714506173
      },
      "VerbForm":{
        "p":0.9675016926,
        "r":0.9513981358,
        "f":0.9593823431
      },
      "PronType":{
        "p":0.9567307692,
        "r":0.9491255962,
        "f":0.9529130088
      },
      "Degree":{
        "p":0.9324894515,
        "r":0.9384288747,
        "f":0.9354497354
      },
      "Voice":{
        "p":0.9722222222,
        "r":0.9210526316,
        "f":0.9459459459
      },
      "NumType":{
        "p":0.9805825243,
        "r":0.9439252336,
        "f":0.9619047619
      },
      "Abbr":{
        "p":0.9285714286,
        "r":0.962962963,
        "f":0.9454545455
      },
      "Foreign":{
        "p":0.9622641509,
        "r":0.9272727273,
        "f":0.9444444444
      }
    },
    "trainable_lemmatizer_loss":23634.2846686989,
    "transformer_loss":76.2987468484,
    "tagger_loss":218.5014539581,
    "morphologizer_loss":209.2157835346,
    "parser_loss":60298.7865512602
}